{
  "t": {
    "input_mean": 253.19029235839844,
    "input_std": 30.14148712158203,
    "output_mean": 246.14881896972656,
    "output_std": 15.577103614807129
  },
  "r": {
    "input_mean": 0.48113420605659485,
    "input_std": 0.35965079069137573,
    "output_mean": 0.00041289706132374704,
    "output_std": 0.003272249596193433
  },
  "z": {
    "input_mean": 81185.90625,
    "input_std": 83103.9921875,
    "output_mean": 456922.28125,
    "output_std": 93151.9140625
  },
  "u": {
    "input_mean": 4.022951602935791,
    "input_std": 13.868098258972168,
    "output_mean": 3.962172508239746,
    "output_std": 42.12728500366211
  },
  "v": {
    "input_mean": 0.1482515037059784,
    "input_std": 8.19813060760498,
    "output_mean": 0.05855175480246544,
    "output_std": 16.407814025878906
  }
}